Aaron,Abdul,Abdullah,Abe,Abel,Abraham,Abram,Abriel,Ace,Adair
Adam,Adan,Addison,Ade,Aden,Adnan,Adon,Adonis,Adrian,Adriel
Ahmad,Ahmed,Aidan,Aiden,Ainsley,Airen,Ajay,Al,Alain,Alan
Alaric,Alastair,Albany,Albert,Alberto,Albie,Albus,Alden,Aldo,Aldric
Aldrich,Aldrin,Alec,Aled,Alejandro,Alen,Alesandro,Alex,Alexander,Alexis
Alfie,Alfonse,Alfonso,Alfred,Alfredo,Ali,Alistair,Allan,Allen,Alois
Alonzo,Aloysius,Alphonso,Alton,Alvin,Amari,Ambrose,Amir,Amit,Amon
Amos,Anand,Anderson,Andre,Andreas,Andres,Andrew,Andy,Angel,Angelo
Angus,Ansel,Anson,Anthony,Anton,Antonio,Antony,Apollo,Aran,Archer
Archibald,Archie,Ari,Ariel,Arjun,Arlen,Arlo,Arman,Armando,Arnie
Arnold,Aron,Arran,Arrie,Art,Arthur,Arturo,Arun,Arwin,Asa
Asad,Ash,Ashby,Asher,Ashley,Ashton,Ashwin,Aspen,Aston,Aswin
Athan,Atticus,Aubrey,Auden,Audric,Audwin,August,Augustine,Augustus,Austen
Austin,Aven,Avery,Avon,Axel,Axton,Ayaan,Ayden,Ayrton,Bailey
Barack,Barclay,Barnaby,Barney,Barrett,Barron,Barry,Bart,Bartholomew,Basil
Bastian,Baxter,Bay,Bayley,Baylor,Bear,Beau,Beauregard,Beck,Beckett
Bellamy,Ben,Benedict,Benjamin,Benji,Benjy,Bennett,Bennie,Benny,Benson
Bentley,Bently,Benton,Bernard,Bernardo,Bernie,Bert,Bertie,Bertram,Bev
Bevan,Bevin,Bevis,Bill,Billy,Birchard,Bjorn,Bladen,Blain,Blaine
Blair,Blaise,Blake,Blane,Blaze,Blue,Bob,Bobby,Bodie,Bogdan
Booker,Boris,Boston,Bowen,Boyd,Brad,Braden,Bradford,Bradley,Bradwin
Brady,Braeden,Braiden,Bram,Branden,Brandon,Branson,Brantley,Brax,Braxton
Bray,Brayan,Brayden,Braydon,Braylen,Braylon,Brayson,Breck,Brecken,Breckin
Brendan,Brenden,Brendon,Brennan,Brennon,Brent,Brentley,Brenton,Bret,Brett
Brevin,Brevyn,Brian,Brice,Bridie,Brie,Brig,Brighton,Brinley,Brock
Brod,Broden,Broderick,Brodie,Brody,Brogan,Bronson,Brook,Brooke,Brooklyn
Brooks,Bruce,Bruno,Bryan,Bryant,Bryce,Bryden,Brydon,Bryler,Bryn
Bryon,Bryson,Bryton,Buck,Buddy,Burt,Burton,Buster,Butch,Byron
Cadby,Cade,Caden,Cael,Caelan,Caesar,Cai,Caiden,Cain,Caius
Cal,Cale,Caleb,Calhoun,Callan,Callen,Callum,Calum,Calvin,Cam
Camden,Cameron,Campbell,Camron,Cane,Caolan,Carey,Carl,Carlisle,Carlos
Carlton,Carrington,Carsen,Carson,Carsten,Carter,Cary,Case,Casey,Cash
Cason,Casper,Caspian,Cassian,Cassius,Castiel,Castor,Cathal,Cato,Cavan
Cayden,Caydon,Cayson,Cecil,Cedric,Cesar,Chad,Chadwick,Chance,Chandler
Channing,Charles,Charley,Charlie,Charlton,Chas,Chase,Chauncey,Chayton,Chaz
Che,Chesney,Chester,Chevy,Chip,Chris,Christian,Christopher,Chuck,Cian
Ciaran,Cillian,Clancy,Clarence,Clark,Claude,Clay,Clayton,Clement,Cletus
Cliff,Clifford,Clifton,Clint,Clinton,Clive,Clovis,Clyde,Coby,Cody
Cohen,Colby,Cole,Colin,Collin,Colm,Colt,Colten,Colton,Conan
Conlan,Conner,Connor,Conor,Conrad,Constantine,Cooper,Corbin,Corey,Cormac
Cornelius,Cory,Craig,Crispin,Cristian,Cristobal,Crosby,Cruz,Cullen,Curt
Curtis,Cuthbert,Cyril,Cyrus,Dacey,Daire,Dakota,Dale,Dalen,Dallas
Dalon,Dalton,Damarion,Damian,Damien,Damion,Damon,Dan,Dana,Dane
Daniel,Danny,Dante,Dara,Daragh,Darcy,Daren,Darian,Dariel,Darin
Dario,Darius,Darnell,Darragh,Darrel,Darrell,Darren,Darrin,Darryl,Darryn
Darwin,Daryl,Dash,Dashawn,Dave,David,Davin,Davion,Davis,Dawson
Dax,Daxon,Daxter,Daxton,Daylen,Daylon,Dayton,Deacon,Dean,Deandre
Decker,Declan,Dee,Deepak,Deklan,Delbert,Delvin,Demetrius,Dempsey,Denis
Dennis,Denny,Denver,Denzel,Deon,Derek,Derik,Dermot,Derrick,Des
Deshaun,Deshawn,Desmond,Dev,Devin,Devlin,Devon,Devyn,Dewayne,Dewey
Dex,Dexter,Diarmuid,Dick,Dicky,Diego,Diesel,Digby,Dilan,Dillon
Dimitri,Dinesh,Dino,Dion,Dirk,Dixon,Django,Dmitri,Dom,Dominic
Dominick,Don,Donal,Donald,Donnie,Donny,Donovan,Dorian,Doug,Dougie
Douglas,Doyle,Drake,Draven,Drayden,Drew,Duane,Dudley,Dug,Duke
Duncan,Dustin,Dwayne,Dwight,Dylan,Eamon,Earl,Earnest,Eason,Easton
Eathan,Eben,Ebenezer,Ed,Eddie,Eddy,Eden,Edgar,Edison,Edmund
Edouard,Edric,Edsel,Edson,Eduardo,Edward,Edwardo,Edwin,Efrain,Efren
Egan,Egon,Elbert,Eldon,Eli,Elian,Elias,Elijah,Eliot,Elisha
Ellington,Elliot,Elliott,Ellis,Elmer,Elmo,Elon,Elroy,Elton,Elvis
Elwood,Elwyn,Ely,Emanuel,Emerson,Emery,Emet,Emil,Emiliano,Emilio
Emlyn,Emmanuel,Emmerson,Emmet,Emmett,Emory,Ender,Ennio,Enoch,Enrique
Enzo,Eoghan,Eoin,Ephraim,Eric,Erick,Erik,Ernest,Ernesto,Ernie
Errol,Ervin,Erwin,Esteban,Ethan,Ethen,Etienne,Euan,Euen,Eugene
Eustace,Evan,Evangelos,Evelyn,Everett,Ewan,Eyan,Ezekiel,Ezio,Ezra
Fabian,Fabio,Faisal,Farley,Febian,Felipe,Felix,Fenton,Ferdinand,Fergal
Fergus,Fernand,Fernando,Ferris,Fidel,Filbert,Fin,Finbar,Findlay,Finlay
Finley,Finn,Finnian,Finnigan,Fionn,Fletcher,Flinn,Flint,Florian,Floyd
Flynn,Ford,Forest,Forrest,Foster,Fox,Francesco,Francis,Francisco,Frank
Frankie,Franklin,Franklyn,Fraser,Frazer,Fred,Freddie,Freddy,Frederick,Fredrick
Fritz,Fynn,Gabe,Gabriel,Gael,Gaelan,Gage,Gaige,Gale,Galen
Gannon,Gareth,Garman,Garrett,Garrison,Garry,Garth,Gary,Gaston,Gavin
Gene,Geoff,Geoffrey,George,Geraint,Gerald,Gerard,Gerardo,Germain,Gerry
Gethin,Gian,Gibson,Gideon,Gil,Gilbert,Gilberto,Giles,Gill,Gino
Giorgio,Giovanni,Glen,Glenn,Glyndwr,Glynn,Godfrey,Godric,Godwin,Gonzalo
Gordon,Grady,Graeme,Graham,Granger,Grant,Gray,Grayson,Greg,Gregg
Gregor,Gregory,Grey,Greyson,Griffin,Grover,Guido,Guillermo,Gulliver,Gunnar
Gunner,Gus,Gustav,Gustavo,Guy,Gwain,Haden,Hadley,Haiden,Hal
Hamilton,Hamish,Han,Hank,Hannibal,Hans,Harlan,Harley,Harold,Harris
Harrison,Harry,Harvey,Hassan,Hayden,Hayes,Heath,Hector,Hendrik,Hendrix
Henley,Henri,Henry,Herbert,Herbie,Herman,Heston,Hezekiah,Hilary,Hiram
Holden,Homer,Horace,Horatio,Howard,Hubert,Huck,Hudson,Huey,Hugh
Hugo,Humberto,Humphrey,Hunter,Huw,Huxley,Hywel,Iain,Ian,Ianto
Ibrahim,Ichabod,Idris,Ieuan,Ieystn,Iggy,Ignacio,Igor,Ike,Imran
Indiana,Inigo,Ira,Irvin,Irving,Irwin,Isaac,Isaiah,Isaias,Ishaan
Ishmael,Isiah,Isidore,Ismael,Israel,Ivan,Ivor,Iwan,Jace,Jack
Jackie,Jackson,Jacob,Jacoby,Jacques,Jad,Jaden,Jadon,Jagger,Jago
Jai,Jaiden,Jaime,Jak,Jake,Jakob,Jalen,Jamal,James,Jameson
Jamie,Jamison,Jan,Jared,Jaret,Jariel,Jarod,Jaron,Jarrett,Jarrod
Jarvis,Jase,Jason,Jasper,Javid,Javier,Javon,Jax,Jaxon,Jaxson
Jay,Jayce,Jayden,Jaydon,Jaylen,Jaylin,Jaylon,Jayson,Jeb,Jebediah
Jed,Jedediah,Jediah,Jedidiah,Jeevan,Jeff,Jefferson,Jeffery,Jeffrey,Jeffry
Jem,Jensen,Jenson,Jerald,Jeremiah,Jeremy,Jericho,Jermaine,Jerome,Jerrion
Jerrold,Jerry,Jersey,Jess,Jesse,Jessie,Jeston,Jesus,Jet,Jethro
Jett,Jevan,Jevin,Jeydon,Jim,Jimmie,Jimmy,Joachim,Joaquin,Job
Joby,Jock,Jody,Joe,Joel,Joey,Joffrey,Johan,Johann,John
Johnathan,Johnathon,Johnnie,Johnny,Jon,Jonah,Jonas,Jonathan,Jonathon,Jonty
Jordan,Jordon,Jordy,Jorge,Jose,Joseph,Josh,Joshua,Josiah,Joss
Josue,Jovan,Juan,Judah,Judas,Judd,Jude,Julian,Julio,Julius
Justice,Justin,Kade,Kaden,Kai,Kaiden,Kaine,Kale,Kaleb,Kalem
Kameron,Kamil,Kane,Karl,Karson,Karsten,Karter,Kash,Kason,Kasper
Kavin,Kay,Kayden,Kayle,Kaylen,Kayne,Kayson,Kean,Keanu,Keaton
Kedrick,Keegan,Keelan,Keenan,Keith,Kelby,Kellan,Kellen,Kellin,Kelly
Kelvin,Ken,Kenan,Kendall,Kendrick,Kennedy,Kenneth,Kenny,Kent,Kenton
Keon,Kerry,Kevin,Keyon,Khalid,Khalil,Kian,Kiefer,Kieran,Kieron
Killian,Kim,Kingsley,Kingston,Kip,Kiran,Kirby,Kirk,Kit,Klaus
Klay,Knox,Kobe,Koby,Kody,Kolby,Konnor,Konrad,Kris,Krish
Kristian,Kristoff,Kristopher,Kurt,Kurtis,Kyan,Kyden,Kye,Kylar,Kyle
Kylen,Kyler,Kyran,Kyrin,Kyron,Kyson,Lacey,Lachlan,Lake,Lamar
Lambert,Lamont,Lance,Lancelot,Landen,Lando,Landon,Landyn,Lane,Langdon
Langston,Larry,Lars,Laurence,Laurie,Lawrence,Lawson,Layne,Layton,Leaf
Leam,Leander,Leandro,Lebron,Ledger,Lee,Leif,Leigh,Leighton,Leland
Lemuel,Len,Lenard,Lennie,Lennon,Lennox,Lenny,Leo,Leon,Leonard
Leonardo,Leonel,Leopold,Leroy,Les,Leslie,Lester,Leuan,Lev,Leven
Levi,Levin,Levy,Lewis,Lex,Leyton,Liam,Lief,Lincoln,Linden
Lindon,Lindsay,Link,Linley,Linus,Lionel,Lisandro,Llewelyn,Lloyd,Lochlan
Logan,Loki,London,Lonnie,Lorcan,Loren,Lorenzo,Loris,Lou,Louie
Louis,Lowell,Luca,Lucas,Lucian,Luciano,Lucien,Lucky,Luigi,Luis
Lukas,Luke,Luther,Lyle,Lyndon,Lynn,Lysander,Mack,Maddox,Magnus
Maison,Malachi,Malakai,Malcolm,Malik,Malloy,Malvin,Manny,Manuel,Marc
Marcel,Marcelo,Marco,Marcos,Marcus,Marik,Mario,Marion,Mark,Marley
Marlon,Marquis,Marshall,Martin,Marty,Martyn,Marvin,Mason,Massimo,Mat
Mateo,Mathew,Matt,Matthew,Matthias,Maurice,Mauricio,Maverick,Max,Maxim
Maximilian,Maximus,Maxwell,Mayson,Mckenzie,Mehdi,Mehtab,Mekhi,Mel,Melvin
Memphis,Merick,Merle,Mervin,Mervyn,Mica,Micah,Michael,Micheal,Mick
Mickey,Miguel,Mike,Mikey,Milan,Miles,Millard,Miller,Milo,Milton
Misha,Mitch,Mitchell,Mitt,Moe,Mohamed,Mohammad,Mohammed,Moises,Monroe
Monte,Montgomery,Monty,Mordecai,Morgan,Morris,Moses,Muhammad,Murphy,Murray
Mycroft,Myles,Mylo,Myron,Nash,Nasir,Nate,Nath,Nathan,Nathanael
Nathaniel,Neal,Ned,Neel,Nehemiah,Neil,Nelson,Nemo,Nesbit,Nestor
Neville,Nevin,Newt,Newton,Niall,Nicholas,Nick,Nickolas,Nicky,Nico
Nicolas,Nigel,Nihal,Nik,Niklaus,Niko,Nikolai,Nikolas,Nile,Nils
Noah,Noam,Noe,Noel,Nolan,Norbert,Norman,Norris,Norton,Nyle
Nyles,Oakes,Oakley,Obed,Oberon,Octavio,Oisin,Olaf,Oli,Olin
Oliver,Ollie,Olly,Omar,Oran,Orion,Orlando,Orson,Oscar,Osric
Osvaldo,Oswald,Otis,Otto,Owain,Owen,Ozzie,Ozzy,Pablo,Paco
Paddy,Padraig,Palmer,Paolo,Parker,Pascal,Pat,Patrick,Paul,Paxton
Payton,Pearce,Pedro,Percy,Peregrine,Perry,Petar,Pete,Peter,Peyton
Phebian,Phil,Philbert,Philip,Philippe,Phillip,Phineas,Phoenix,Pierce,Piers
Pierson,Pip,Porter,Poul,Prakash,Preston,Prince,Princeton,Quentin,Quincy
Quinlan,Quinn,Quinton,Quintrell,Rafael,Rafferty,Raheem,Rahul,Raiden,Raj
Rajesh,Ralph,Ram,Rameel,Ramon,Ramsey,Randal,Randall,Randolph,Randy
Raoul,Raphael,Rashad,Rashan,Rashid,Raul,Raven,Ravi,Ray,Raydon
Raylan,Raymond,Red,Reece,Reed,Reef,Reese,Reeve,Reg,Reggie
Reginald,Rehan,Reid,Reilly,Remco,Remington,Remy,Ren,Rene,Reuben
Rex,Reynaldo,Reza,Rhett,Rhodri,Rhydian,Rhys,Rian,Ricardo,Rich
Richard,Richie,Richmond,Rick,Rickey,Rickie,Ricky,Rico,Rider,Ridley
Rigby,Rik,Riker,Riley,Rio,Riordan,Riven,River,Roan,Rob
Robbie,Robby,Robert,Roberto,Robin,Robson,Rocco,Rock,Rocky,Rod
Roddy,Roderick,Rodger,Rodney,Rodolfo,Rodrigo,Rogelio,Roger,Rohan,Roland
Rolando,Rolf,Roman,Romeo,Ron,Ronald,Ronan,Ronnie,Ronny,Roosevelt
Rory,Roscoe,Ross,Rowan,Roy,Royce,Ruairi,Ruben,Rubin,Rudolph
Rudy,Rufus,Rupert,Russ,Russell,Rusty,Rutherford,Ryan,Ryden,Ryder
Ryker,Rylan,Ryland,Ryle,Ryley,Sacha,Sage,Said,Salman,Salvador
Salvatore,Sam,Samir,Sammy,Samson,Samuel,Sandeep,Sandy,Sanjay,Santiago
Sasha,Saul,Sawyer,Scot,Scott,Scottie,Scotty,Seamus,Sean,Seb
Sebastian,Sebastien,Sebestian,Sergio,Seth,Seymour,Shadrach,Shane,Shannon,Shaun
Shawn,Shay,Shayne,Shea,Sheldon,Shelton,Sherlock,Sherman,Sherwin,Shiloh
Sid,Sidney,Silas,Simeon,Simon,Sky,Skylar,Skyler,Slade,Sol
Solomon,Sonny,Soren,Spencer,Spike,Stacey,Stacy,Stan,Stanford,Stanley
Stefan,Stephan,Stephen,Sterling,Steve,Steven,Stevie,Stewart,Stone,Storm
Struan,Stuart,Sufyan,Sullivan,Sven,Sylvester,Syrus,Tadhg,Talon,Tam
Tane,Tanner,Tariq,Tarquin,Tate,Tavis,Tay,Tayden,Taye,Taylor
Teague,Ted,Teddy,Teo,Terence,Terrance,Terrell,Terrence,Terry,Tevin
Tex,Thad,Thaddeus,Theo,Theodore,Theon,Theophilus,Thom,Thomas,Thor
Tiago,Tiberius,Tiernan,Tiger,Tim,Timmy,Timothy,Tito,Titus,Tobias
Tobin,Toby,Tod,Todd,Tom,Tomas,Tommie,Tommy,Tony,Torin
Toryn,Trace,Tracey,Tracy,Travis,Tray,Tremaine,Trent,Trenton,Trevon
Trevor,Trey,Treyden,Trip,Tristan,Tristen,Triston,Troy,Truman,Tucker
Turner,Ty,Tylan,Tyler,Tyrell,Tyren,Tyrese,Tyron,Tyrone,Tyson
Ulrich,Ulysses,Umar,Uriah,Uriel,Usama,Val,Valentin,Valentine,Valentino
Van,Vance,Vasco,Vaughn,Vernon,Vic,Victor,Vidal,Vihan,Vijay
Vikram,Vin,Vince,Vincent,Vinnie,Vinny,Virgil,Vishal,Vivian,Vlad
Vladimir,Wade,Walker,Wallace,Wally,Walt,Walter,Ward,Warren,Waylon
Wayne,Weldon,Wendell,Wes,Wesley,Westin,Weston,Wilbert,Wilbur,Wiley
Wilfred,Wilhelm,Will,Willam,Willard,Willem,William,Willie,Willis,Wilmer
Wilson,Windsor,Winston,Wolf,Wolfgang,Woodrow,Woody,Wyatt,Xander,Xavier
Xerxes,Yahir,Yardley,Yehudi,Yestin,York,Youssef,Yuri,Yusuf,Yves
Zac,Zach,Zachariah,Zachary,Zachery,Zack,Zackary,Zackery,Zaiden,Zain
Zaine,Zak,Zander,Zane,Zayden,Zaylen,Zayn,Zayne,Zeb,Zebedee
Zebulon,Zed,Zeke,Zeph,Zeth,Zig,Ziggy,Zion,Zohar,Zoltan
Zoran,Zuriel,Zylen

